photoID,businessID
380648,1096
71046,1096
252119,1096
402768,1096
252106,1081
255056,1081
406271,1079
223259,1079
252977,1079
411191,1079
22681,1079
269637,1093
410014,1093
271457,1097
339868,1093
1309,1093
432436,1093
278790,1093
471291,1093
398295,1093
432139,1081
391299,1081
61772,1081
193022,1081
399424,1093
150290,1093
217156,1082
168981,1093
260015,1093
330148,1081
28691,1081
361755,1081
24244,1081
463081,1081
246636,1081
176808,1093
284801,1081
181286,1081
82808,1081
298052,1081
94755,1081
104865,1081
348243,1096
378577,1093
29480,1094
157544,1094
223462,1093
188228,1097
226210,1081
24321,1093
216327,1081
412513,1081
452379,1097
208432,1097
292874,1097
287710,1097
155007,1097
175557,1097
295782,1097
465970,1094
49586,1093
325382,1093
369385,1093
134597,1094
119043,1094
256886,1093
201326,1093
396338,1081
189348,1081
217308,1093
244987,1081
197124,1081
237456,1081
425728,1081
254745,1081
225526,1081
113905,1081
448728,1081
49169,1097
390422,1079
82121,1079
148502,1081
279582,1081
259258,1081
337733,1081
170125,1081
405736,1081
338605,1081
67588,1081
367723,1081
86464,1081
122804,1081
48431,1096
83134,1096
384495,1096
311024,1096
297723,1081
260062,1081
44631,1081
39765,108
75390,108
336785,108
190467,1081
239921,1081
247400,1081
396917,1081
441962,1081
159424,1081
427516,1081
190408,1097
104397,1097
134557,1097
440231,1097
262534,1079
66587,1082
231019,1092
97749,1079
391489,1079
294891,1093
160528,1081
13061,1094
338068,1094
2164,1094
8067,1094
64471,1094
137972,1094
76140,1094
119950,1081
262637,1081
140431,1081
186273,1093
160067,1093
384178,1079
459773,1080
130285,1080
463650,1080
299228,1094
95870,1094
156066,1080
16947,1096
258711,1096
328158,1096
68837,1079
401708,1079
99953,1094
250434,1094
46833,1081
194037,1081
209674,1081
299721,1082
191659,1080
68097,1094
121129,1094
82776,1094
428805,1094
217043,1094
267955,1094
115224,1094
18072,1094
222142,1094
422955,1093
54490,1080
288102,1080
96315,1080
209433,1080
73645,1079
410185,1079
469576,1079
131874,1079
415882,1079
108225,1094
178969,1094
254366,1093
320624,1094
180873,1096
340038,1092
357467,1094
133225,1094
271855,1094
386656,1094
88520,108
237058,1080
282035,1080
374855,1080
103520,1081
252563,1081
445699,1081
299029,1093
207754,1094
101980,1094
104324,1094
98436,1080
52155,1094
375872,1094
227431,1093
136459,1093
379583,1079
362236,1080
284642,1080
212703,1080
401372,108
22652,1092
320858,1080
196462,1093
439336,1093
383066,1081
213133,1081
407651,1081
11857,1081
310261,1081
460224,1081
25199,1080
104773,1080
463997,1092
316037,1093
318860,1093
76486,1081
57994,1093
399483,1094
75816,1082
35767,1082
324234,1082
353008,1093
275004,1092
16745,1092
208979,1082
349213,1080
352573,1080
285676,1080
200117,1080
354929,108
221219,1097
8554,1080
334997,1079
469817,1079
102159,1079
256062,108
276092,1093
272184,1093
50804,1093
381188,1093
127051,1079
230722,1081
447846,1081
20464,1081
386417,1081
422901,1081
294450,1081
49222,1081
181087,1081
386185,1080
128933,1081
201034,1081
286611,1079
407837,1093
74404,1093
201961,1093
243019,1093
230538,1097
412718,1093
94037,1096
137183,1094
326331,1094
84224,1094
5778,1094
318838,1094
257499,1093
73959,1079
255636,1081
456833,1092
311943,1092
45118,1096
396593,1096
76456,1092
471896,1082
259506,1080
257023,1080
226198,1080
13008,1093
444953,1094
210519,1080
347011,1080
139367,1080
207546,1093
459984,1093
215659,1094
46823,1094
167308,1080
375056,1080
237149,1080
248093,1081
262835,1081
240762,1081
288932,1081
62520,1081
396613,1081
51776,1081
211072,1081
301952,1081
126932,108
309107,1079
267787,1093
222636,1080
348299,1094
100625,1094
454569,1094
324594,1094
34350,1081
217986,1079
162812,1079
258463,1093
270822,1096
402052,1096
39053,1096
373749,1096
137492,1096
65291,1096
349889,1094
240958,1094
343352,1080
333268,1092
424168,1093
469974,1093
240294,1080
304741,1094
110627,1081
317259,1081
157870,1081
208655,1081
397913,1081
28688,1081
36961,1081
283907,1081
365856,1080
387346,1097
172975,1097
369104,1097
55082,1097
222403,1081
56316,1081
285757,1093
311136,1093
383969,1093
267604,1080
83087,1080
54909,1080
363145,1080
269813,1093
107799,1093
424936,1093
423098,1081
167829,1080
229125,1080
316864,1093
71879,1080
238986,1081
174860,1081
424972,1081
33549,1081
61408,1081
202547,1082
162688,1082
170986,1082
178063,1079
41628,1080
82863,1081
145892,1081
208445,1080
100193,1080
128506,1080
219475,1079
445918,1093
258595,1080
438601,1080
43900,1080
308319,1079
456127,1079
51259,1080
243623,1093
456425,1080
200595,1080
273501,1080
26971,1094
246229,108
104001,108
327545,108
289279,1096
22585,1080
256069,1096
314994,1080
107065,1080
126281,1092
137305,1092
328005,1092
175063,1093
439047,108
240902,108
187245,1080
426502,1080
292085,1080
258800,1080
449565,1080
77313,1080
238469,1080
72257,1081
242761,1081
230357,1081
167831,1080
273720,1080
327046,1080
206348,1081
169131,1081
209971,1081
118574,1081
386763,1081
1997,1081
270246,1081
332782,1081
121104,1080
37374,1080
435273,1080
247427,1080
174533,108
378465,108
449174,1079
343205,1080
325099,1094
366856,1094
367338,1092
107635,1081
242352,1081
191101,1081
85892,1081
355415,1081
389926,1081
115693,1082
131293,1082
424979,1080
307190,1080
245641,1080
320472,1080
81142,1080
361529,1080
283670,1080
47701,1093
218536,1094
326421,1093
191912,1092
170159,1092
402195,1092
76803,1092
271946,1092
292281,1092
59961,1092
241056,1092
444141,1092
71385,1092
210674,1080
152914,1080
319121,1080
343483,1080
90906,1080
8392,1080
465839,1080
388952,1080
173883,1080
190631,1080
314947,1080
107547,1080
224865,1080
227840,1080
332677,1080
449630,1093
238302,1093
409753,1093
4577,1080
329342,1080
306089,1093
314721,1080
42704,1080
272423,1096
191953,1080
117616,1080
420100,1080
257364,1080
188635,1080
109147,1080
342645,1097
356261,1097
362504,1097
365481,1080
403358,1080
367133,1080
185966,1080
50200,1080
446158,1080
199094,1093
133615,1080
376793,1080
445216,1080
409871,1081
11477,1080
11197,1080
248343,1080
334658,1080
205142,1080
191098,1080
239086,1080
338661,108
435661,108
98143,108
411976,108
273008,108
270013,108
364838,108
117548,1093
425864,1096
139619,1080
209874,1092
363672,1080
440861,1093
308922,1093
405399,1080
83530,1080
382718,1080
193383,1080
357723,1080
430069,1080
462563,1094
99543,1092
201064,1097
463596,1097
141500,1097
75424,1097
272348,1097
130694,1097
319260,1092
17323,1092
458988,1092
11737,1092
199676,1092
339345,1092
317800,1092
170165,1080
406077,1097
191688,1097
331442,1097
169227,1081
153236,1081
268389,1081
193386,1081
175655,1096
90171,1096
330377,1080
406380,1080
303580,1080
303738,1080
403287,1080
316041,1093
461906,1080
31215,1080
185243,1081
360605,1093
355284,1080
269393,1092
50297,1092
76162,1092
371533,1081
7544,1081
107594,1081
377620,1081
244553,1081
444619,1081
374362,1094
409101,1094
107720,1094
192117,108
75745,1081
39774,1081
362415,1081
120837,1081
320650,1081
82473,1097
463410,108
413180,108
43012,108
202272,1097
230183,1097
